{"cameraMode":{"drawMode":0,"name":"Shaded","section":"Shading Mode"},"sceneLighting":true,"audioPlay":false,"sceneViewState":{"showFog":true,"showMaterialUpdate":false,"showSkybox":true,"showFlares":true,"showImageEffects":true,"showParticleSystems":true},"in2DMode":false,"pivot":{"x":20.83587646484375,"y":23.350839614868165,"z":-7.290154457092285},"rotation":{"x":-0.21922698616981507,"y":0.26449882984161379,"z":-0.06187761574983597,"w":-0.9370977282524109},"size":10.0,"orthographic":false}