{"cameraMode":{"drawMode":0,"name":"Shaded","section":"Shading Mode"},"sceneLighting":false,"audioPlay":false,"sceneViewState":{"showFog":true,"showMaterialUpdate":true,"showSkybox":true,"showFlares":true,"showImageEffects":true,"showParticleSystems":true},"in2DMode":false,"pivot":{"x":-37.42150115966797,"y":23.016624450683595,"z":-48.49429702758789},"rotation":{"x":-0.12858204543590547,"y":-0.4358239769935608,"z":0.06306657195091248,"w":-0.8885655403137207},"size":23.29615020751953,"orthographic":false}