{"cameraMode":{"drawMode":0,"name":"Shaded","section":"Shading Mode"},"sceneLighting":false,"audioPlay":false,"sceneViewState":{"showFog":true,"showMaterialUpdate":true,"showSkybox":false,"showFlares":true,"showImageEffects":true,"showParticleSystems":true},"in2DMode":false,"pivot":{"x":0.27572178840637209,"y":19.41985511779785,"z":-15.789641380310059},"rotation":{"x":0.19774600863456727,"y":0.4404451549053192,"z":-0.10010553896427155,"w":0.8700067400932312},"size":1.4289418458938599,"orthographic":false}